-- phpMyAdmin SQL Dump
-- version 4.7.0
-- https://www.phpmyadmin.net/
--
-- Host: localhost
-- Generation Time: Dec 09, 2017 at 10:12 PM
-- Server version: 10.1.24-MariaDB
-- PHP Version: 7.1.6

SET SQL_MODE = "NO_AUTO_VALUE_ON_ZERO";
SET AUTOCOMMIT = 0;
START TRANSACTION;
SET time_zone = "+00:00";


/*!40101 SET @OLD_CHARACTER_SET_CLIENT=@@CHARACTER_SET_CLIENT */;
/*!40101 SET @OLD_CHARACTER_SET_RESULTS=@@CHARACTER_SET_RESULTS */;
/*!40101 SET @OLD_COLLATION_CONNECTION=@@COLLATION_CONNECTION */;
/*!40101 SET NAMES utf8mb4 */;

--
-- Database: `cms`
--

-- --------------------------------------------------------

--
-- Table structure for table `categories`
--

CREATE TABLE `categories` (
  `cat_id` int(3) NOT NULL,
  `cat_title` varchar(255) NOT NULL
) ENGINE=InnoDB DEFAULT CHARSET=latin1;

--
-- Dumping data for table `categories`
--

INSERT INTO `categories` (`cat_id`, `cat_title`) VALUES
(54, 'Javascript'),
(55, 'PHP'),
(56, 'Back End'),
(57, 'CMS');

-- --------------------------------------------------------

--
-- Table structure for table `comments`
--

CREATE TABLE `comments` (
  `comment_id` int(3) NOT NULL,
  `comment_post_id` int(3) NOT NULL,
  `comment_author` varchar(255) NOT NULL,
  `comment_email` varchar(255) NOT NULL,
  `comment_content` text NOT NULL,
  `comment_status` varchar(255) NOT NULL,
  `comment_date` date NOT NULL
) ENGINE=InnoDB DEFAULT CHARSET=latin1;

--
-- Dumping data for table `comments`
--

INSERT INTO `comments` (`comment_id`, `comment_post_id`, `comment_author`, `comment_email`, `comment_content`, `comment_status`, `comment_date`) VALUES
(3, 3, 'Andrew', 'andrew.higgins@gmail.com', 'Now this is some interesting stuff.', 'approved', '2017-11-26'),
(4, 1, 'Alex', 'alex@yahoo.com', 'That is what I like to hear!', 'approved', '2017-11-26'),
(8, 4, 'Rose', 'rose@lemonade.com', 'Ha, good one!', 'approved', '2017-11-26'),
(9, 5, 'Dillon', 'dillon.arminson@dstore.com', 'I prefer public transportation, but this is some interesting stuff.', 'approved', '2017-11-26'),
(10, 6, 'Lora', 'lora.erringson@gmail.com', 'Oh man, I can\'t wait for christmas!', 'approved', '2017-11-26'),
(11, 2, 'Carl', 'carl223@gmail.com', 'Hi, beautiful picture. :)', 'approved', '2017-11-30'),
(12, 1, 'Angelica', 'angelica223@gmail.com', 'Interesting content, would love to hear more about it.', 'unapproved', '2017-12-01'),
(13, 4, 'Mike', 'mike.loringson@gmail.com', 'What\'s the name of this place?', 'unapproved', '2017-12-01'),
(14, 2, 'Almando', 'almando.ca@gmail.com', 'Ohh nice, I\'ve been there :)', 'unapproved', '2017-12-01'),
(15, 5, 'Melta', 'melta342@mail.com', 'That is so true, I\'ve picked a car for my self using the same strategy!', 'unapproved', '2017-12-01');

-- --------------------------------------------------------

--
-- Table structure for table `posts`
--

CREATE TABLE `posts` (
  `post_id` int(3) NOT NULL,
  `post_category_id` int(3) NOT NULL,
  `post_title` varchar(255) NOT NULL,
  `post_author` varchar(255) NOT NULL,
  `post_date` date NOT NULL,
  `post_image` text NOT NULL,
  `post_content` text NOT NULL,
  `post_tags` varchar(255) NOT NULL,
  `post_comment_count` int(11) NOT NULL,
  `post_status` varchar(255) NOT NULL DEFAULT 'draft',
  `post_views` int(11) NOT NULL
) ENGINE=InnoDB DEFAULT CHARSET=latin1;

--
-- Dumping data for table `posts`
--

INSERT INTO `posts` (`post_id`, `post_category_id`, `post_title`, `post_author`, `post_date`, `post_image`, `post_content`, `post_tags`, `post_comment_count`, `post_status`, `post_views`) VALUES
(1, 54, 'My first post', 'Mindaugas', '2017-12-01', 'img1.jpg', '<p><strong>3 wolf moon artisan forage letterpress</strong>, <em>banjo narwhal iPhone. Godard</em> pitchfork williamsburg post-ironic. Chartreuse hexagon subway tile etsy 8-bit ramps, intelligentsia man bun. Taiyaki cliche man bun DIY banjo flannel, taxidermy thundercats humblebrag typewriter normcore 90\'s green juice mumblecore. Ethical lyft poutine messenger bag pinterest quinoa four dollar toast shaman YOLO. Succulents raw denim flannel microdosing plaid knausgaard. Succulents locavore etsy messenger bag. Godard tofu fixie asymmetrical craft beer humblebrag hashtag prism vice coloring book you probably haven\'t heard of them next level lumbersexual scenester paleo. Kickstarter brooklyn synth, chambray plaid subway tile quinoa. Kogi organic ramps, brooklyn squid hexagon cliche scenester fixie tote bag prism chillwave hashtag raclette cray. Sustainable ennui taiyaki pop-up venmo mixtape freegan mumblecore ugh seitan lomo master cleanse succulents.</p>', 'javascript, php', 4, 'published', 4),
(2, 54, 'Great day', 'Armando', '2017-12-01', 'img7.jpg', '<p>Lorem ipsum dolor amet green <em><strong>juice shaman copper mug knausgaard tumblr</strong></em>, fixie before they sold out. Truffaut iPhone af asymmetrical four loko. Neutra vexillologist 90\'s, helvetica bushwick freegan pok pok cardigan whatever poke keytar. Pinterest beard PBR&amp;B knausgaard asymmetrical. Cronut hoodie microdosing listicle bitters everyday carry fam, distillery stumptown forage mixtape. Tumeric celiac trust fund, mixtape hoodie iceland everyday carry kickstarter four dollar toast iPhone street art. Snackwave gochujang direct trade gentrify tumblr 90\'s sriracha narwhal jean shorts lomo. Yr glossier meh wayfarers mlkshk VHS health goth. Succulents sustainable cornhole normcore everyday carry cold-pressed glossier mlkshk flannel taxidermy polaroid pabst.</p>', 'Life, traveling', 4, 'published', 5),
(3, 54, 'Mindaugas\'s second post', 'Mindaugas', '2017-11-26', 'img6.jpg', 'Put a bird on it man braid fam affogato synth kitsch master cleanse celiac glossier cornhole. Af ugh poutine subway tile, PBR&B try-hard artisan kickstarter chicharrones tumeric kitsch. Blog authentic pok pok ennui everyday carry meditation ugh deep v, microdosing franzen trust fund stumptown. Umami intelligentsia actually mixtape pop-up. Kogi blue bottle synth, mixtape distillery put a bird on it subway tile semiotics. Yr cray master cleanse, vexillologist shoreditch post-ironic keytar. Kale chips tbh echo park succulents vinyl keytar.\r\n\r\nCornhole actually yr echo park selfies, portland brooklyn yuccie edison bulb shaman stumptown organic listicle. Humblebrag farm-to-table venmo organic brooklyn. Organic jean shorts tilde seitan, cold-pressed celiac disrupt vexillologist venmo raw denim chillwave occupy franzen semiotics paleo. Listicle chillwave scenester, cronut authentic glossier XOXO lyft PBR&B prism biodiesel kombucha. Man bun brooklyn sustainable organic af lumbersexual.', 'PHP, CMS', 4, 'published', 2),
(4, 54, 'Rose\'s birthday', 'Angela', '2017-11-26', 'img5.jpg', 'Lorem ipsum dolor amet meggings meditation brunch, roof party cardigan forage snackwave street art YOLO. Activated charcoal organic thundercats, VHS dreamcatcher celiac tofu poutine. Crucifix gochujang chartreuse forage blog edison bulb lomo listicle. Synth ugh vice meh man bun migas jianbing craft beer everyday carry. Farm-to-table viral ramps, cardigan synth banh mi austin vaporware la croix 3 wolf moon lyft yr cronut artisan gentrify. Cardigan twee kinfolk la croix, chillwave kombucha hell of activated charcoal.\r\n\r\nTote bag swag beard sriracha banjo cred cronut artisan vegan. Gochujang art party ramps helvetica bespoke DIY. Semiotics venmo four dollar toast enamel pin craft beer fingerstache poutine. Glossier typewriter hoodie twee.\r\n\r\nAdaptogen raclette cloud bread lyft gastropub pickled offal coloring book helvetica squid chillwave biodiesel. Craft beer af keytar poutine keffiyeh typewriter shaman kitsch chillwave fanny pack jean shorts authentic drinking vinegar four dollar toast. Poke activated charcoal hexagon VHS. Truffaut blue bottle mlkshk bespoke, asymmetrical subway tile intelligentsia vaporware XOXO snackwave.', 'birthday, courses', 0, 'published', 3),
(5, 57, 'What car suits you best', 'Ryan', '2017-11-26', 'img2.jpg', 'Adaptogen raclette cloud bread lyft gastropub pickled offal coloring book helvetica squid chillwave biodiesel. Craft beer af keytar poutine keffiyeh typewriter shaman kitsch chillwave fanny pack jean shorts authentic drinking vinegar four dollar toast. Poke activated charcoal hexagon VHS. Truffaut blue bottle mlkshk bespoke, asymmetrical subway tile intelligentsia vaporware XOXO snackwave.\r\n\r\nHella everyday carry microdosing cornhole normcore hell of ramps kogi fanny pack slow-carb stumptown. Lo-fi austin synth vape. Squid trust fund occupy, taiyaki keytar shaman letterpress. Chartreuse subway tile woke, squid edison bulb direct trade retro. Tbh artisan gluten-free slow-carb, church-key echo park actually 8-bit locavore vice. Shabby chic migas gentrify pinterest poutine.\r\n\r\nSelfies tacos leggings, health goth trust fund copper mug man braid everyday carry pour-over cliche poke pabst palo santo occupy kitsch. Tofu austin keffiyeh subway tile vexillologist messenger bag meditation migas jianbing. Hot chicken austin cold-pressed trust fund meggings jean shorts shabby chic drinking vinegar hashtag. Lyft franzen brooklyn hella slow-carb hot chicken distillery coloring book fashion axe tilde gochujang. Farm-to-table try-hard forage, keytar iceland squid intelligentsia hella YOLO thundercats chia photo booth adaptogen echo park pork belly.', 'cars, php', 0, 'published', 0),
(6, 54, 'Christmas spirit', 'Jason', '2017-11-26', 'img1.jpg', 'Tote bag swag beard sriracha banjo cred cronut artisan vegan. Gochujang art party ramps helvetica bespoke DIY. Semiotics venmo four dollar toast enamel pin craft beer fingerstache poutine. Glossier typewriter hoodie twee.\r\n\r\nAdaptogen raclette cloud bread lyft gastropub pickled offal coloring book helvetica squid chillwave biodiesel. Craft beer af keytar poutine keffiyeh typewriter shaman kitsch chillwave fanny pack jean shorts authentic drinking vinegar four dollar toast. Poke activated charcoal hexagon VHS. Truffaut blue bottle mlkshk bespoke, asymmetrical subway tile intelligentsia vaporware XOXO snackwave.\r\n\r\nHella everyday carry microdosing cornhole normcore hell of ramps kogi fanny pack slow-carb stumptown. Lo-fi austin synth vape. Squid trust fund occupy, taiyaki keytar shaman letterpress. Chartreuse subway tile woke, squid edison bulb direct trade retro. Tbh artisan gluten-free slow-carb, church-key echo park actually 8-bit locavore vice. Shabby chic migas gentrify pinterest poutine.', 'christmas, javascript', 0, 'published', 0),
(7, 55, 'Camping trip', 'Leyla', '2017-12-01', 'img5.jpg', 'Edison bulb helvetica palo santo 90\'s. Semiotics four dollar toast single-origin coffee retro gastropub beard sustainable portland plaid pickled. Pug flannel cornhole hexagon yr. Subway tile coloring book raclette freegan, authentic XOXO blog offal kitsch enamel pin pork belly. Fanny pack selfies vice cold-pressed, cornhole hoodie tofu. Tumblr paleo deep v shaman, hashtag poutine pork belly next level trust fund enamel pin tofu twee VHS put a bird on it. 90\'s gochujang wolf health goth schlitz fanny pack messenger bag migas selfies whatever.\r\n\r\nKeytar adaptogen cronut marfa, authentic occupy health goth williamsburg cardigan bitters fashion axe. Cold-pressed four dollar toast VHS poutine blue bottle pork belly yuccie brooklyn literally cred synth. Quinoa truffaut seitan kale chips cornhole meditation cliche jianbing squid keffiyeh hashtag celiac activated charcoal. Synth thundercats chicharrones migas bicycle rights try-hard shoreditch.', 'camping, php', 0, 'draft', 0),
(8, 54, 'Shopping time', 'Olsen', '2017-12-03', 'img6.jpg', '<p>Keytar adaptogen cronut marfa, authentic occupy health goth williamsburg cardigan bitters fashion axe. Cold-pressed four dollar toast VHS poutine blue bottle pork belly yuccie brooklyn literally cred synth. Quinoa truffaut seitan kale chips cornhole meditation cliche jianbing squid keffiyeh hashtag celiac activated charcoal. Synth thundercats chicharrones migas bicycle rights try-hard shoreditch. Direct trade narwhal butcher kinfolk flexitarian, hammock live-edge mustache af trust fund pickled kombucha enamel pin +1 put a bird on it. VHS actually pok pok pour-over paleo mixtape banh mi bitters austin gochujang retro iPhone trust fund mustache vexillologist. Coloring book hoodie subway tile, leggings sustainable irony chillwave freegan retro unicorn knausgaard gastropub hexagon. Tofu chia chartreuse hashtag gochujang. Four loko pug iceland, poke ramps synth raw denim butcher viral. Banh mi pop-up chambray, butcher jean shorts cardigan seitan enamel pin. Roof party tofu blue bottle readymade waistcoat.</p>', 'shopping, javascript', 0, 'draft', 0),
(172, 54, 'Shopping time', 'Olsen', '2017-12-03', 'img6.jpg', '<p>Keytar adaptogen cronut marfa, authentic occupy health goth williamsburg cardigan bitters fashion axe. Cold-pressed four dollar toast VHS poutine blue bottle pork belly yuccie brooklyn literally cred synth. Quinoa truffaut seitan kale chips cornhole meditation cliche jianbing squid keffiyeh hashtag celiac activated charcoal. Synth thundercats chicharrones migas bicycle rights try-hard shoreditch. Direct trade narwhal butcher kinfolk flexitarian, hammock live-edge mustache af trust fund pickled kombucha enamel pin +1 put a bird on it. VHS actually pok pok pour-over paleo mixtape banh mi bitters austin gochujang retro iPhone trust fund mustache vexillologist. Coloring book hoodie subway tile, leggings sustainable irony chillwave freegan retro unicorn knausgaard gastropub hexagon. Tofu chia chartreuse hashtag gochujang. Four loko pug iceland, poke ramps synth raw denim butcher viral. Banh mi pop-up chambray, butcher jean shorts cardigan seitan enamel pin. Roof party tofu blue bottle readymade waistcoat.</p>', 'shopping, javascript', 0, 'draft', 0),
(173, 55, 'Camping trip', 'Leyla', '2017-12-03', 'img5.jpg', 'Edison bulb helvetica palo santo 90\'s. Semiotics four dollar toast single-origin coffee retro gastropub beard sustainable portland plaid pickled. Pug flannel cornhole hexagon yr. Subway tile coloring book raclette freegan, authentic XOXO blog offal kitsch enamel pin pork belly. Fanny pack selfies vice cold-pressed, cornhole hoodie tofu. Tumblr paleo deep v shaman, hashtag poutine pork belly next level trust fund enamel pin tofu twee VHS put a bird on it. 90\'s gochujang wolf health goth schlitz fanny pack messenger bag migas selfies whatever.\r\n\r\nKeytar adaptogen cronut marfa, authentic occupy health goth williamsburg cardigan bitters fashion axe. Cold-pressed four dollar toast VHS poutine blue bottle pork belly yuccie brooklyn literally cred synth. Quinoa truffaut seitan kale chips cornhole meditation cliche jianbing squid keffiyeh hashtag celiac activated charcoal. Synth thundercats chicharrones migas bicycle rights try-hard shoreditch.', 'camping, php', 0, 'draft', 0),
(174, 54, 'Christmas spirit', 'Jason', '2017-12-03', 'img1.jpg', 'Tote bag swag beard sriracha banjo cred cronut artisan vegan. Gochujang art party ramps helvetica bespoke DIY. Semiotics venmo four dollar toast enamel pin craft beer fingerstache poutine. Glossier typewriter hoodie twee.\r\n\r\nAdaptogen raclette cloud bread lyft gastropub pickled offal coloring book helvetica squid chillwave biodiesel. Craft beer af keytar poutine keffiyeh typewriter shaman kitsch chillwave fanny pack jean shorts authentic drinking vinegar four dollar toast. Poke activated charcoal hexagon VHS. Truffaut blue bottle mlkshk bespoke, asymmetrical subway tile intelligentsia vaporware XOXO snackwave.\r\n\r\nHella everyday carry microdosing cornhole normcore hell of ramps kogi fanny pack slow-carb stumptown. Lo-fi austin synth vape. Squid trust fund occupy, taiyaki keytar shaman letterpress. Chartreuse subway tile woke, squid edison bulb direct trade retro. Tbh artisan gluten-free slow-carb, church-key echo park actually 8-bit locavore vice. Shabby chic migas gentrify pinterest poutine.', 'christmas, javascript', 0, 'published', 0),
(175, 54, 'Christmas spirit', 'Jason', '2017-12-03', 'img1.jpg', 'Tote bag swag beard sriracha banjo cred cronut artisan vegan. Gochujang art party ramps helvetica bespoke DIY. Semiotics venmo four dollar toast enamel pin craft beer fingerstache poutine. Glossier typewriter hoodie twee.\r\n\r\nAdaptogen raclette cloud bread lyft gastropub pickled offal coloring book helvetica squid chillwave biodiesel. Craft beer af keytar poutine keffiyeh typewriter shaman kitsch chillwave fanny pack jean shorts authentic drinking vinegar four dollar toast. Poke activated charcoal hexagon VHS. Truffaut blue bottle mlkshk bespoke, asymmetrical subway tile intelligentsia vaporware XOXO snackwave.\r\n\r\nHella everyday carry microdosing cornhole normcore hell of ramps kogi fanny pack slow-carb stumptown. Lo-fi austin synth vape. Squid trust fund occupy, taiyaki keytar shaman letterpress. Chartreuse subway tile woke, squid edison bulb direct trade retro. Tbh artisan gluten-free slow-carb, church-key echo park actually 8-bit locavore vice. Shabby chic migas gentrify pinterest poutine.', 'christmas, javascript', 0, 'published', 0),
(176, 55, 'Camping trip', 'Leyla', '2017-12-03', 'img5.jpg', 'Edison bulb helvetica palo santo 90\'s. Semiotics four dollar toast single-origin coffee retro gastropub beard sustainable portland plaid pickled. Pug flannel cornhole hexagon yr. Subway tile coloring book raclette freegan, authentic XOXO blog offal kitsch enamel pin pork belly. Fanny pack selfies vice cold-pressed, cornhole hoodie tofu. Tumblr paleo deep v shaman, hashtag poutine pork belly next level trust fund enamel pin tofu twee VHS put a bird on it. 90\'s gochujang wolf health goth schlitz fanny pack messenger bag migas selfies whatever.\r\n\r\nKeytar adaptogen cronut marfa, authentic occupy health goth williamsburg cardigan bitters fashion axe. Cold-pressed four dollar toast VHS poutine blue bottle pork belly yuccie brooklyn literally cred synth. Quinoa truffaut seitan kale chips cornhole meditation cliche jianbing squid keffiyeh hashtag celiac activated charcoal. Synth thundercats chicharrones migas bicycle rights try-hard shoreditch.', 'camping, php', 0, 'draft', 0),
(177, 54, 'Shopping time', 'Olsen', '2017-12-03', 'img6.jpg', '<p>Keytar adaptogen cronut marfa, authentic occupy health goth williamsburg cardigan bitters fashion axe. Cold-pressed four dollar toast VHS poutine blue bottle pork belly yuccie brooklyn literally cred synth. Quinoa truffaut seitan kale chips cornhole meditation cliche jianbing squid keffiyeh hashtag celiac activated charcoal. Synth thundercats chicharrones migas bicycle rights try-hard shoreditch. Direct trade narwhal butcher kinfolk flexitarian, hammock live-edge mustache af trust fund pickled kombucha enamel pin +1 put a bird on it. VHS actually pok pok pour-over paleo mixtape banh mi bitters austin gochujang retro iPhone trust fund mustache vexillologist. Coloring book hoodie subway tile, leggings sustainable irony chillwave freegan retro unicorn knausgaard gastropub hexagon. Tofu chia chartreuse hashtag gochujang. Four loko pug iceland, poke ramps synth raw denim butcher viral. Banh mi pop-up chambray, butcher jean shorts cardigan seitan enamel pin. Roof party tofu blue bottle readymade waistcoat.</p>', 'shopping, javascript', 0, 'draft', 0),
(178, 55, 'Camping trip', 'Leyla', '2017-12-03', 'img5.jpg', 'Edison bulb helvetica palo santo 90\'s. Semiotics four dollar toast single-origin coffee retro gastropub beard sustainable portland plaid pickled. Pug flannel cornhole hexagon yr. Subway tile coloring book raclette freegan, authentic XOXO blog offal kitsch enamel pin pork belly. Fanny pack selfies vice cold-pressed, cornhole hoodie tofu. Tumblr paleo deep v shaman, hashtag poutine pork belly next level trust fund enamel pin tofu twee VHS put a bird on it. 90\'s gochujang wolf health goth schlitz fanny pack messenger bag migas selfies whatever.\r\n\r\nKeytar adaptogen cronut marfa, authentic occupy health goth williamsburg cardigan bitters fashion axe. Cold-pressed four dollar toast VHS poutine blue bottle pork belly yuccie brooklyn literally cred synth. Quinoa truffaut seitan kale chips cornhole meditation cliche jianbing squid keffiyeh hashtag celiac activated charcoal. Synth thundercats chicharrones migas bicycle rights try-hard shoreditch.', 'camping, php', 0, 'draft', 0),
(179, 54, 'Shopping time', 'Olsen', '2017-12-03', 'img6.jpg', '<p>Keytar adaptogen cronut marfa, authentic occupy health goth williamsburg cardigan bitters fashion axe. Cold-pressed four dollar toast VHS poutine blue bottle pork belly yuccie brooklyn literally cred synth. Quinoa truffaut seitan kale chips cornhole meditation cliche jianbing squid keffiyeh hashtag celiac activated charcoal. Synth thundercats chicharrones migas bicycle rights try-hard shoreditch. Direct trade narwhal butcher kinfolk flexitarian, hammock live-edge mustache af trust fund pickled kombucha enamel pin +1 put a bird on it. VHS actually pok pok pour-over paleo mixtape banh mi bitters austin gochujang retro iPhone trust fund mustache vexillologist. Coloring book hoodie subway tile, leggings sustainable irony chillwave freegan retro unicorn knausgaard gastropub hexagon. Tofu chia chartreuse hashtag gochujang. Four loko pug iceland, poke ramps synth raw denim butcher viral. Banh mi pop-up chambray, butcher jean shorts cardigan seitan enamel pin. Roof party tofu blue bottle readymade waistcoat.</p>', 'shopping, javascript', 0, 'draft', 0),
(180, 55, 'Camping trip', 'Leyla', '2017-12-03', 'img5.jpg', 'Edison bulb helvetica palo santo 90\'s. Semiotics four dollar toast single-origin coffee retro gastropub beard sustainable portland plaid pickled. Pug flannel cornhole hexagon yr. Subway tile coloring book raclette freegan, authentic XOXO blog offal kitsch enamel pin pork belly. Fanny pack selfies vice cold-pressed, cornhole hoodie tofu. Tumblr paleo deep v shaman, hashtag poutine pork belly next level trust fund enamel pin tofu twee VHS put a bird on it. 90\'s gochujang wolf health goth schlitz fanny pack messenger bag migas selfies whatever.\r\n\r\nKeytar adaptogen cronut marfa, authentic occupy health goth williamsburg cardigan bitters fashion axe. Cold-pressed four dollar toast VHS poutine blue bottle pork belly yuccie brooklyn literally cred synth. Quinoa truffaut seitan kale chips cornhole meditation cliche jianbing squid keffiyeh hashtag celiac activated charcoal. Synth thundercats chicharrones migas bicycle rights try-hard shoreditch.', 'camping, php', 0, 'draft', 0),
(181, 55, 'Camping trip', 'Leyla', '2017-12-03', 'img5.jpg', '', 'camping, php', 0, 'draft', 0),
(182, 54, 'Shopping time', 'Olsen', '2017-12-03', 'img6.jpg', '<p>Keytar adaptogen cronut marfa, authentic occupy health goth williamsburg cardigan bitters fashion axe. Cold-pressed four dollar toast VHS poutine blue bottle pork belly yuccie brooklyn literally cred synth. Quinoa truffaut seitan kale chips cornhole meditation cliche jianbing squid keffiyeh hashtag celiac activated charcoal. Synth thundercats chicharrones migas bicycle rights try-hard shoreditch. Direct trade narwhal butcher kinfolk flexitarian, hammock live-edge mustache af trust fund pickled kombucha enamel pin +1 put a bird on it. VHS actually pok pok pour-over paleo mixtape banh mi bitters austin gochujang retro iPhone trust fund mustache vexillologist. Coloring book hoodie subway tile, leggings sustainable irony chillwave freegan retro unicorn knausgaard gastropub hexagon. Tofu chia chartreuse hashtag gochujang. Four loko pug iceland, poke ramps synth raw denim butcher viral. Banh mi pop-up chambray, butcher jean shorts cardigan seitan enamel pin. Roof party tofu blue bottle readymade waistcoat.</p>', 'shopping, javascript', 0, 'draft', 0),
(183, 55, 'Camping trip', 'Leyla', '2017-12-03', 'img5.jpg', 'Edison bulb helvetica palo santo 90\'s. Semiotics four dollar toast single-origin coffee retro gastropub beard sustainable portland plaid pickled. Pug flannel cornhole hexagon yr. Subway tile coloring book raclette freegan, authentic XOXO blog offal kitsch enamel pin pork belly. Fanny pack selfies vice cold-pressed, cornhole hoodie tofu. Tumblr paleo deep v shaman, hashtag poutine pork belly next level trust fund enamel pin tofu twee VHS put a bird on it. 90\'s gochujang wolf health goth schlitz fanny pack messenger bag migas selfies whatever.\r\n\r\nKeytar adaptogen cronut marfa, authentic occupy health goth williamsburg cardigan bitters fashion axe. Cold-pressed four dollar toast VHS poutine blue bottle pork belly yuccie brooklyn literally cred synth. Quinoa truffaut seitan kale chips cornhole meditation cliche jianbing squid keffiyeh hashtag celiac activated charcoal. Synth thundercats chicharrones migas bicycle rights try-hard shoreditch.', 'camping, php', 0, 'draft', 0),
(184, 54, 'Christmas spirit', 'Jason', '2017-12-03', 'img1.jpg', 'Tote bag swag beard sriracha banjo cred cronut artisan vegan. Gochujang art party ramps helvetica bespoke DIY. Semiotics venmo four dollar toast enamel pin craft beer fingerstache poutine. Glossier typewriter hoodie twee.\r\n\r\nAdaptogen raclette cloud bread lyft gastropub pickled offal coloring book helvetica squid chillwave biodiesel. Craft beer af keytar poutine keffiyeh typewriter shaman kitsch chillwave fanny pack jean shorts authentic drinking vinegar four dollar toast. Poke activated charcoal hexagon VHS. Truffaut blue bottle mlkshk bespoke, asymmetrical subway tile intelligentsia vaporware XOXO snackwave.\r\n\r\nHella everyday carry microdosing cornhole normcore hell of ramps kogi fanny pack slow-carb stumptown. Lo-fi austin synth vape. Squid trust fund occupy, taiyaki keytar shaman letterpress. Chartreuse subway tile woke, squid edison bulb direct trade retro. Tbh artisan gluten-free slow-carb, church-key echo park actually 8-bit locavore vice. Shabby chic migas gentrify pinterest poutine.', 'christmas, javascript', 0, 'published', 0),
(185, 57, 'What car suits you best', 'Ryan', '2017-12-03', 'img2.jpg', 'Adaptogen raclette cloud bread lyft gastropub pickled offal coloring book helvetica squid chillwave biodiesel. Craft beer af keytar poutine keffiyeh typewriter shaman kitsch chillwave fanny pack jean shorts authentic drinking vinegar four dollar toast. Poke activated charcoal hexagon VHS. Truffaut blue bottle mlkshk bespoke, asymmetrical subway tile intelligentsia vaporware XOXO snackwave.\r\n\r\nHella everyday carry microdosing cornhole normcore hell of ramps kogi fanny pack slow-carb stumptown. Lo-fi austin synth vape. Squid trust fund occupy, taiyaki keytar shaman letterpress. Chartreuse subway tile woke, squid edison bulb direct trade retro. Tbh artisan gluten-free slow-carb, church-key echo park actually 8-bit locavore vice. Shabby chic migas gentrify pinterest poutine.\r\n\r\nSelfies tacos leggings, health goth trust fund copper mug man braid everyday carry pour-over cliche poke pabst palo santo occupy kitsch. Tofu austin keffiyeh subway tile vexillologist messenger bag meditation migas jianbing. Hot chicken austin cold-pressed trust fund meggings jean shorts shabby chic drinking vinegar hashtag. Lyft franzen brooklyn hella slow-carb hot chicken distillery coloring book fashion axe tilde gochujang. Farm-to-table try-hard forage, keytar iceland squid intelligentsia hella YOLO thundercats chia photo booth adaptogen echo park pork belly.', 'cars, php', 0, 'published', 0),
(186, 57, 'What car suits you best', 'Ryan', '2017-12-03', 'img2.jpg', 'Adaptogen raclette cloud bread lyft gastropub pickled offal coloring book helvetica squid chillwave biodiesel. Craft beer af keytar poutine keffiyeh typewriter shaman kitsch chillwave fanny pack jean shorts authentic drinking vinegar four dollar toast. Poke activated charcoal hexagon VHS. Truffaut blue bottle mlkshk bespoke, asymmetrical subway tile intelligentsia vaporware XOXO snackwave.\r\n\r\nHella everyday carry microdosing cornhole normcore hell of ramps kogi fanny pack slow-carb stumptown. Lo-fi austin synth vape. Squid trust fund occupy, taiyaki keytar shaman letterpress. Chartreuse subway tile woke, squid edison bulb direct trade retro. Tbh artisan gluten-free slow-carb, church-key echo park actually 8-bit locavore vice. Shabby chic migas gentrify pinterest poutine.\r\n\r\nSelfies tacos leggings, health goth trust fund copper mug man braid everyday carry pour-over cliche poke pabst palo santo occupy kitsch. Tofu austin keffiyeh subway tile vexillologist messenger bag meditation migas jianbing. Hot chicken austin cold-pressed trust fund meggings jean shorts shabby chic drinking vinegar hashtag. Lyft franzen brooklyn hella slow-carb hot chicken distillery coloring book fashion axe tilde gochujang. Farm-to-table try-hard forage, keytar iceland squid intelligentsia hella YOLO thundercats chia photo booth adaptogen echo park pork belly.', 'cars, php', 0, 'published', 0),
(187, 54, 'Rose\'s birthday', 'Angela', '2017-12-03', 'img5.jpg', 'Lorem ipsum dolor amet meggings meditation brunch, roof party cardigan forage snackwave street art YOLO. Activated charcoal organic thundercats, VHS dreamcatcher celiac tofu poutine. Crucifix gochujang chartreuse forage blog edison bulb lomo listicle. Synth ugh vice meh man bun migas jianbing craft beer everyday carry. Farm-to-table viral ramps, cardigan synth banh mi austin vaporware la croix 3 wolf moon lyft yr cronut artisan gentrify. Cardigan twee kinfolk la croix, chillwave kombucha hell of activated charcoal.\r\n\r\nTote bag swag beard sriracha banjo cred cronut artisan vegan. Gochujang art party ramps helvetica bespoke DIY. Semiotics venmo four dollar toast enamel pin craft beer fingerstache poutine. Glossier typewriter hoodie twee.\r\n\r\nAdaptogen raclette cloud bread lyft gastropub pickled offal coloring book helvetica squid chillwave biodiesel. Craft beer af keytar poutine keffiyeh typewriter shaman kitsch chillwave fanny pack jean shorts authentic drinking vinegar four dollar toast. Poke activated charcoal hexagon VHS. Truffaut blue bottle mlkshk bespoke, asymmetrical subway tile intelligentsia vaporware XOXO snackwave.', 'birthday, courses', 0, 'published', 0),
(188, 54, 'Mindaugas\'s second post', 'Mindaugas', '2017-12-03', 'img6.jpg', 'Put a bird on it man braid fam affogato synth kitsch master cleanse celiac glossier cornhole. Af ugh poutine subway tile, PBR&B try-hard artisan kickstarter chicharrones tumeric kitsch. Blog authentic pok pok ennui everyday carry meditation ugh deep v, microdosing franzen trust fund stumptown. Umami intelligentsia actually mixtape pop-up. Kogi blue bottle synth, mixtape distillery put a bird on it subway tile semiotics. Yr cray master cleanse, vexillologist shoreditch post-ironic keytar. Kale chips tbh echo park succulents vinyl keytar.\r\n\r\nCornhole actually yr echo park selfies, portland brooklyn yuccie edison bulb shaman stumptown organic listicle. Humblebrag farm-to-table venmo organic brooklyn. Organic jean shorts tilde seitan, cold-pressed celiac disrupt vexillologist venmo raw denim chillwave occupy franzen semiotics paleo. Listicle chillwave scenester, cronut authentic glossier XOXO lyft PBR&B prism biodiesel kombucha. Man bun brooklyn sustainable organic af lumbersexual.', 'PHP, CMS', 0, 'published', 0),
(189, 54, 'Great day', 'Armando', '2017-12-03', 'img7.jpg', '<p>Lorem ipsum dolor amet green <em><strong>juice shaman copper mug knausgaard tumblr</strong></em>, fixie before they sold out. Truffaut iPhone af asymmetrical four loko. Neutra vexillologist 90\'s, helvetica bushwick freegan pok pok cardigan whatever poke keytar. Pinterest beard PBR&amp;B knausgaard asymmetrical. Cronut hoodie microdosing listicle bitters everyday carry fam, distillery stumptown forage mixtape. Tumeric celiac trust fund, mixtape hoodie iceland everyday carry kickstarter four dollar toast iPhone street art. Snackwave gochujang direct trade gentrify tumblr 90\'s sriracha narwhal jean shorts lomo. Yr glossier meh wayfarers mlkshk VHS health goth. Succulents sustainable cornhole normcore everyday carry cold-pressed glossier mlkshk flannel taxidermy polaroid pabst.</p>', 'Life, traveling', 0, 'published', 0),
(190, 54, 'My first post', 'Mindaugas', '2017-12-03', 'img1.jpg', '<p><strong>3 wolf moon artisan forage letterpress</strong>, <em>banjo narwhal iPhone. Godard</em> pitchfork williamsburg post-ironic. Chartreuse hexagon subway tile etsy 8-bit ramps, intelligentsia man bun. Taiyaki cliche man bun DIY banjo flannel, taxidermy thundercats humblebrag typewriter normcore 90\'s green juice mumblecore. Ethical lyft poutine messenger bag pinterest quinoa four dollar toast shaman YOLO. Succulents raw denim flannel microdosing plaid knausgaard. Succulents locavore etsy messenger bag. Godard tofu fixie asymmetrical craft beer humblebrag hashtag prism vice coloring book you probably haven\'t heard of them next level lumbersexual scenester paleo. Kickstarter brooklyn synth, chambray plaid subway tile quinoa. Kogi organic ramps, brooklyn squid hexagon cliche scenester fixie tote bag prism chillwave hashtag raclette cray. Sustainable ennui taiyaki pop-up venmo mixtape freegan mumblecore ugh seitan lomo master cleanse succulents.</p>', 'javascript, php', 0, 'published', 0),
(191, 57, 'What car suits you best', 'Ryan', '2017-12-03', 'img2.jpg', 'Adaptogen raclette cloud bread lyft gastropub pickled offal coloring book helvetica squid chillwave biodiesel. Craft beer af keytar poutine keffiyeh typewriter shaman kitsch chillwave fanny pack jean shorts authentic drinking vinegar four dollar toast. Poke activated charcoal hexagon VHS. Truffaut blue bottle mlkshk bespoke, asymmetrical subway tile intelligentsia vaporware XOXO snackwave.\r\n\r\nHella everyday carry microdosing cornhole normcore hell of ramps kogi fanny pack slow-carb stumptown. Lo-fi austin synth vape. Squid trust fund occupy, taiyaki keytar shaman letterpress. Chartreuse subway tile woke, squid edison bulb direct trade retro. Tbh artisan gluten-free slow-carb, church-key echo park actually 8-bit locavore vice. Shabby chic migas gentrify pinterest poutine.\r\n\r\nSelfies tacos leggings, health goth trust fund copper mug man braid everyday carry pour-over cliche poke pabst palo santo occupy kitsch. Tofu austin keffiyeh subway tile vexillologist messenger bag meditation migas jianbing. Hot chicken austin cold-pressed trust fund meggings jean shorts shabby chic drinking vinegar hashtag. Lyft franzen brooklyn hella slow-carb hot chicken distillery coloring book fashion axe tilde gochujang. Farm-to-table try-hard forage, keytar iceland squid intelligentsia hella YOLO thundercats chia photo booth adaptogen echo park pork belly.', 'cars, php', 0, 'published', 0),
(192, 54, 'Rose\'s birthday', 'Angela', '2017-12-03', 'img5.jpg', 'Lorem ipsum dolor amet meggings meditation brunch, roof party cardigan forage snackwave street art YOLO. Activated charcoal organic thundercats, VHS dreamcatcher celiac tofu poutine. Crucifix gochujang chartreuse forage blog edison bulb lomo listicle. Synth ugh vice meh man bun migas jianbing craft beer everyday carry. Farm-to-table viral ramps, cardigan synth banh mi austin vaporware la croix 3 wolf moon lyft yr cronut artisan gentrify. Cardigan twee kinfolk la croix, chillwave kombucha hell of activated charcoal.\r\n\r\nTote bag swag beard sriracha banjo cred cronut artisan vegan. Gochujang art party ramps helvetica bespoke DIY. Semiotics venmo four dollar toast enamel pin craft beer fingerstache poutine. Glossier typewriter hoodie twee.\r\n\r\nAdaptogen raclette cloud bread lyft gastropub pickled offal coloring book helvetica squid chillwave biodiesel. Craft beer af keytar poutine keffiyeh typewriter shaman kitsch chillwave fanny pack jean shorts authentic drinking vinegar four dollar toast. Poke activated charcoal hexagon VHS. Truffaut blue bottle mlkshk bespoke, asymmetrical subway tile intelligentsia vaporware XOXO snackwave.', 'birthday, courses', 0, 'published', 0),
(193, 54, 'Mindaugas\'s second post', 'Mindaugas', '2017-12-03', 'img6.jpg', 'Put a bird on it man braid fam affogato synth kitsch master cleanse celiac glossier cornhole. Af ugh poutine subway tile, PBR&B try-hard artisan kickstarter chicharrones tumeric kitsch. Blog authentic pok pok ennui everyday carry meditation ugh deep v, microdosing franzen trust fund stumptown. Umami intelligentsia actually mixtape pop-up. Kogi blue bottle synth, mixtape distillery put a bird on it subway tile semiotics. Yr cray master cleanse, vexillologist shoreditch post-ironic keytar. Kale chips tbh echo park succulents vinyl keytar.\r\n\r\nCornhole actually yr echo park selfies, portland brooklyn yuccie edison bulb shaman stumptown organic listicle. Humblebrag farm-to-table venmo organic brooklyn. Organic jean shorts tilde seitan, cold-pressed celiac disrupt vexillologist venmo raw denim chillwave occupy franzen semiotics paleo. Listicle chillwave scenester, cronut authentic glossier XOXO lyft PBR&B prism biodiesel kombucha. Man bun brooklyn sustainable organic af lumbersexual.', 'PHP, CMS', 0, 'published', 0),
(194, 54, 'Great day', 'Armando', '2017-12-03', 'img7.jpg', '<p>Lorem ipsum dolor amet green <em><strong>juice shaman copper mug knausgaard tumblr</strong></em>, fixie before they sold out. Truffaut iPhone af asymmetrical four loko. Neutra vexillologist 90\'s, helvetica bushwick freegan pok pok cardigan whatever poke keytar. Pinterest beard PBR&amp;B knausgaard asymmetrical. Cronut hoodie microdosing listicle bitters everyday carry fam, distillery stumptown forage mixtape. Tumeric celiac trust fund, mixtape hoodie iceland everyday carry kickstarter four dollar toast iPhone street art. Snackwave gochujang direct trade gentrify tumblr 90\'s sriracha narwhal jean shorts lomo. Yr glossier meh wayfarers mlkshk VHS health goth. Succulents sustainable cornhole normcore everyday carry cold-pressed glossier mlkshk flannel taxidermy polaroid pabst.</p>', 'Life, traveling', 0, 'published', 0),
(195, 54, 'My first post', 'Mindaugas', '2017-12-03', 'img1.jpg', '<p><strong>3 wolf moon artisan forage letterpress</strong>, <em>banjo narwhal iPhone. Godard</em> pitchfork williamsburg post-ironic. Chartreuse hexagon subway tile etsy 8-bit ramps, intelligentsia man bun. Taiyaki cliche man bun DIY banjo flannel, taxidermy thundercats humblebrag typewriter normcore 90\'s green juice mumblecore. Ethical lyft poutine messenger bag pinterest quinoa four dollar toast shaman YOLO. Succulents raw denim flannel microdosing plaid knausgaard. Succulents locavore etsy messenger bag. Godard tofu fixie asymmetrical craft beer humblebrag hashtag prism vice coloring book you probably haven\'t heard of them next level lumbersexual scenester paleo. Kickstarter brooklyn synth, chambray plaid subway tile quinoa. Kogi organic ramps, brooklyn squid hexagon cliche scenester fixie tote bag prism chillwave hashtag raclette cray. Sustainable ennui taiyaki pop-up venmo mixtape freegan mumblecore ugh seitan lomo master cleanse succulents.</p>', 'javascript, php', 0, 'published', 0),
(196, 54, 'My first post', 'Mindaugas', '2017-12-03', 'img1.jpg', '<p><strong>3 wolf moon artisan forage letterpress</strong>, <em>banjo narwhal iPhone. Godard</em> pitchfork williamsburg post-ironic. Chartreuse hexagon subway tile etsy 8-bit ramps, intelligentsia man bun. Taiyaki cliche man bun DIY banjo flannel, taxidermy thundercats humblebrag typewriter normcore 90\'s green juice mumblecore. Ethical lyft poutine messenger bag pinterest quinoa four dollar toast shaman YOLO. Succulents raw denim flannel microdosing plaid knausgaard. Succulents locavore etsy messenger bag. Godard tofu fixie asymmetrical craft beer humblebrag hashtag prism vice coloring book you probably haven\'t heard of them next level lumbersexual scenester paleo. Kickstarter brooklyn synth, chambray plaid subway tile quinoa. Kogi organic ramps, brooklyn squid hexagon cliche scenester fixie tote bag prism chillwave hashtag raclette cray. Sustainable ennui taiyaki pop-up venmo mixtape freegan mumblecore ugh seitan lomo master cleanse succulents.</p>', 'javascript, php', 0, 'published', 0),
(197, 54, 'Great day', 'Armando', '2017-12-03', 'img7.jpg', '<p>Lorem ipsum dolor amet green <em><strong>juice shaman copper mug knausgaard tumblr</strong></em>, fixie before they sold out. Truffaut iPhone af asymmetrical four loko. Neutra vexillologist 90\'s, helvetica bushwick freegan pok pok cardigan whatever poke keytar. Pinterest beard PBR&amp;B knausgaard asymmetrical. Cronut hoodie microdosing listicle bitters everyday carry fam, distillery stumptown forage mixtape. Tumeric celiac trust fund, mixtape hoodie iceland everyday carry kickstarter four dollar toast iPhone street art. Snackwave gochujang direct trade gentrify tumblr 90\'s sriracha narwhal jean shorts lomo. Yr glossier meh wayfarers mlkshk VHS health goth. Succulents sustainable cornhole normcore everyday carry cold-pressed glossier mlkshk flannel taxidermy polaroid pabst.</p>', 'Life, traveling', 0, 'published', 0),
(198, 54, 'Mindaugas\'s second post', 'Mindaugas', '2017-12-03', 'img6.jpg', 'Put a bird on it man braid fam affogato synth kitsch master cleanse celiac glossier cornhole. Af ugh poutine subway tile, PBR&B try-hard artisan kickstarter chicharrones tumeric kitsch. Blog authentic pok pok ennui everyday carry meditation ugh deep v, microdosing franzen trust fund stumptown. Umami intelligentsia actually mixtape pop-up. Kogi blue bottle synth, mixtape distillery put a bird on it subway tile semiotics. Yr cray master cleanse, vexillologist shoreditch post-ironic keytar. Kale chips tbh echo park succulents vinyl keytar.\r\n\r\nCornhole actually yr echo park selfies, portland brooklyn yuccie edison bulb shaman stumptown organic listicle. Humblebrag farm-to-table venmo organic brooklyn. Organic jean shorts tilde seitan, cold-pressed celiac disrupt vexillologist venmo raw denim chillwave occupy franzen semiotics paleo. Listicle chillwave scenester, cronut authentic glossier XOXO lyft PBR&B prism biodiesel kombucha. Man bun brooklyn sustainable organic af lumbersexual.', 'PHP, CMS', 0, 'published', 0),
(199, 54, 'Rose\'s birthday', 'Angela', '2017-12-03', 'img5.jpg', 'Lorem ipsum dolor amet meggings meditation brunch, roof party cardigan forage snackwave street art YOLO. Activated charcoal organic thundercats, VHS dreamcatcher celiac tofu poutine. Crucifix gochujang chartreuse forage blog edison bulb lomo listicle. Synth ugh vice meh man bun migas jianbing craft beer everyday carry. Farm-to-table viral ramps, cardigan synth banh mi austin vaporware la croix 3 wolf moon lyft yr cronut artisan gentrify. Cardigan twee kinfolk la croix, chillwave kombucha hell of activated charcoal.\r\n\r\nTote bag swag beard sriracha banjo cred cronut artisan vegan. Gochujang art party ramps helvetica bespoke DIY. Semiotics venmo four dollar toast enamel pin craft beer fingerstache poutine. Glossier typewriter hoodie twee.\r\n\r\nAdaptogen raclette cloud bread lyft gastropub pickled offal coloring book helvetica squid chillwave biodiesel. Craft beer af keytar poutine keffiyeh typewriter shaman kitsch chillwave fanny pack jean shorts authentic drinking vinegar four dollar toast. Poke activated charcoal hexagon VHS. Truffaut blue bottle mlkshk bespoke, asymmetrical subway tile intelligentsia vaporware XOXO snackwave.', 'birthday, courses', 0, 'published', 0),
(200, 57, 'What car suits you best', 'Ryan', '2017-12-03', 'img2.jpg', 'Adaptogen raclette cloud bread lyft gastropub pickled offal coloring book helvetica squid chillwave biodiesel. Craft beer af keytar poutine keffiyeh typewriter shaman kitsch chillwave fanny pack jean shorts authentic drinking vinegar four dollar toast. Poke activated charcoal hexagon VHS. Truffaut blue bottle mlkshk bespoke, asymmetrical subway tile intelligentsia vaporware XOXO snackwave.\r\n\r\nHella everyday carry microdosing cornhole normcore hell of ramps kogi fanny pack slow-carb stumptown. Lo-fi austin synth vape. Squid trust fund occupy, taiyaki keytar shaman letterpress. Chartreuse subway tile woke, squid edison bulb direct trade retro. Tbh artisan gluten-free slow-carb, church-key echo park actually 8-bit locavore vice. Shabby chic migas gentrify pinterest poutine.\r\n\r\nSelfies tacos leggings, health goth trust fund copper mug man braid everyday carry pour-over cliche poke pabst palo santo occupy kitsch. Tofu austin keffiyeh subway tile vexillologist messenger bag meditation migas jianbing. Hot chicken austin cold-pressed trust fund meggings jean shorts shabby chic drinking vinegar hashtag. Lyft franzen brooklyn hella slow-carb hot chicken distillery coloring book fashion axe tilde gochujang. Farm-to-table try-hard forage, keytar iceland squid intelligentsia hella YOLO thundercats chia photo booth adaptogen echo park pork belly.', 'cars, php', 0, 'published', 0),
(201, 54, 'My first post', 'Mindaugas', '2017-12-03', 'img1.jpg', '<p><strong>3 wolf moon artisan forage letterpress</strong>, <em>banjo narwhal iPhone. Godard</em> pitchfork williamsburg post-ironic. Chartreuse hexagon subway tile etsy 8-bit ramps, intelligentsia man bun. Taiyaki cliche man bun DIY banjo flannel, taxidermy thundercats humblebrag typewriter normcore 90\'s green juice mumblecore. Ethical lyft poutine messenger bag pinterest quinoa four dollar toast shaman YOLO. Succulents raw denim flannel microdosing plaid knausgaard. Succulents locavore etsy messenger bag. Godard tofu fixie asymmetrical craft beer humblebrag hashtag prism vice coloring book you probably haven\'t heard of them next level lumbersexual scenester paleo. Kickstarter brooklyn synth, chambray plaid subway tile quinoa. Kogi organic ramps, brooklyn squid hexagon cliche scenester fixie tote bag prism chillwave hashtag raclette cray. Sustainable ennui taiyaki pop-up venmo mixtape freegan mumblecore ugh seitan lomo master cleanse succulents.</p>', 'javascript, php', 0, 'published', 0),
(202, 54, 'Great day', 'Armando', '2017-12-03', 'img7.jpg', '<p>Lorem ipsum dolor amet green <em><strong>juice shaman copper mug knausgaard tumblr</strong></em>, fixie before they sold out. Truffaut iPhone af asymmetrical four loko. Neutra vexillologist 90\'s, helvetica bushwick freegan pok pok cardigan whatever poke keytar. Pinterest beard PBR&amp;B knausgaard asymmetrical. Cronut hoodie microdosing listicle bitters everyday carry fam, distillery stumptown forage mixtape. Tumeric celiac trust fund, mixtape hoodie iceland everyday carry kickstarter four dollar toast iPhone street art. Snackwave gochujang direct trade gentrify tumblr 90\'s sriracha narwhal jean shorts lomo. Yr glossier meh wayfarers mlkshk VHS health goth. Succulents sustainable cornhole normcore everyday carry cold-pressed glossier mlkshk flannel taxidermy polaroid pabst.</p>', 'Life, traveling', 0, 'published', 0),
(203, 54, 'Mindaugas\'s second post', 'Mindaugas', '2017-12-03', 'img6.jpg', 'Put a bird on it man braid fam affogato synth kitsch master cleanse celiac glossier cornhole. Af ugh poutine subway tile, PBR&B try-hard artisan kickstarter chicharrones tumeric kitsch. Blog authentic pok pok ennui everyday carry meditation ugh deep v, microdosing franzen trust fund stumptown. Umami intelligentsia actually mixtape pop-up. Kogi blue bottle synth, mixtape distillery put a bird on it subway tile semiotics. Yr cray master cleanse, vexillologist shoreditch post-ironic keytar. Kale chips tbh echo park succulents vinyl keytar.\r\n\r\nCornhole actually yr echo park selfies, portland brooklyn yuccie edison bulb shaman stumptown organic listicle. Humblebrag farm-to-table venmo organic brooklyn. Organic jean shorts tilde seitan, cold-pressed celiac disrupt vexillologist venmo raw denim chillwave occupy franzen semiotics paleo. Listicle chillwave scenester, cronut authentic glossier XOXO lyft PBR&B prism biodiesel kombucha. Man bun brooklyn sustainable organic af lumbersexual.', 'PHP, CMS', 0, 'published', 0),
(204, 54, 'Rose\'s birthday', 'Angela', '2017-12-03', 'img5.jpg', 'Lorem ipsum dolor amet meggings meditation brunch, roof party cardigan forage snackwave street art YOLO. Activated charcoal organic thundercats, VHS dreamcatcher celiac tofu poutine. Crucifix gochujang chartreuse forage blog edison bulb lomo listicle. Synth ugh vice meh man bun migas jianbing craft beer everyday carry. Farm-to-table viral ramps, cardigan synth banh mi austin vaporware la croix 3 wolf moon lyft yr cronut artisan gentrify. Cardigan twee kinfolk la croix, chillwave kombucha hell of activated charcoal.\r\n\r\nTote bag swag beard sriracha banjo cred cronut artisan vegan. Gochujang art party ramps helvetica bespoke DIY. Semiotics venmo four dollar toast enamel pin craft beer fingerstache poutine. Glossier typewriter hoodie twee.\r\n\r\nAdaptogen raclette cloud bread lyft gastropub pickled offal coloring book helvetica squid chillwave biodiesel. Craft beer af keytar poutine keffiyeh typewriter shaman kitsch chillwave fanny pack jean shorts authentic drinking vinegar four dollar toast. Poke activated charcoal hexagon VHS. Truffaut blue bottle mlkshk bespoke, asymmetrical subway tile intelligentsia vaporware XOXO snackwave.', 'birthday, courses', 0, 'published', 0),
(205, 57, 'What car suits you best', 'Ryan', '2017-12-03', 'img2.jpg', 'Adaptogen raclette cloud bread lyft gastropub pickled offal coloring book helvetica squid chillwave biodiesel. Craft beer af keytar poutine keffiyeh typewriter shaman kitsch chillwave fanny pack jean shorts authentic drinking vinegar four dollar toast. Poke activated charcoal hexagon VHS. Truffaut blue bottle mlkshk bespoke, asymmetrical subway tile intelligentsia vaporware XOXO snackwave.\r\n\r\nHella everyday carry microdosing cornhole normcore hell of ramps kogi fanny pack slow-carb stumptown. Lo-fi austin synth vape. Squid trust fund occupy, taiyaki keytar shaman letterpress. Chartreuse subway tile woke, squid edison bulb direct trade retro. Tbh artisan gluten-free slow-carb, church-key echo park actually 8-bit locavore vice. Shabby chic migas gentrify pinterest poutine.\r\n\r\nSelfies tacos leggings, health goth trust fund copper mug man braid everyday carry pour-over cliche poke pabst palo santo occupy kitsch. Tofu austin keffiyeh subway tile vexillologist messenger bag meditation migas jianbing. Hot chicken austin cold-pressed trust fund meggings jean shorts shabby chic drinking vinegar hashtag. Lyft franzen brooklyn hella slow-carb hot chicken distillery coloring book fashion axe tilde gochujang. Farm-to-table try-hard forage, keytar iceland squid intelligentsia hella YOLO thundercats chia photo booth adaptogen echo park pork belly.', 'cars, php', 0, 'published', 0),
(206, 57, 'What car suits you best', 'Ryan', '2017-12-03', 'img2.jpg', 'Adaptogen raclette cloud bread lyft gastropub pickled offal coloring book helvetica squid chillwave biodiesel. Craft beer af keytar poutine keffiyeh typewriter shaman kitsch chillwave fanny pack jean shorts authentic drinking vinegar four dollar toast. Poke activated charcoal hexagon VHS. Truffaut blue bottle mlkshk bespoke, asymmetrical subway tile intelligentsia vaporware XOXO snackwave.\r\n\r\nHella everyday carry microdosing cornhole normcore hell of ramps kogi fanny pack slow-carb stumptown. Lo-fi austin synth vape. Squid trust fund occupy, taiyaki keytar shaman letterpress. Chartreuse subway tile woke, squid edison bulb direct trade retro. Tbh artisan gluten-free slow-carb, church-key echo park actually 8-bit locavore vice. Shabby chic migas gentrify pinterest poutine.\r\n\r\nSelfies tacos leggings, health goth trust fund copper mug man braid everyday carry pour-over cliche poke pabst palo santo occupy kitsch. Tofu austin keffiyeh subway tile vexillologist messenger bag meditation migas jianbing. Hot chicken austin cold-pressed trust fund meggings jean shorts shabby chic drinking vinegar hashtag. Lyft franzen brooklyn hella slow-carb hot chicken distillery coloring book fashion axe tilde gochujang. Farm-to-table try-hard forage, keytar iceland squid intelligentsia hella YOLO thundercats chia photo booth adaptogen echo park pork belly.', 'cars, php', 0, 'published', 0),
(207, 54, 'Christmas spirit', 'Jason', '2017-12-03', 'img1.jpg', 'Tote bag swag beard sriracha banjo cred cronut artisan vegan. Gochujang art party ramps helvetica bespoke DIY. Semiotics venmo four dollar toast enamel pin craft beer fingerstache poutine. Glossier typewriter hoodie twee.\r\n\r\nAdaptogen raclette cloud bread lyft gastropub pickled offal coloring book helvetica squid chillwave biodiesel. Craft beer af keytar poutine keffiyeh typewriter shaman kitsch chillwave fanny pack jean shorts authentic drinking vinegar four dollar toast. Poke activated charcoal hexagon VHS. Truffaut blue bottle mlkshk bespoke, asymmetrical subway tile intelligentsia vaporware XOXO snackwave.\r\n\r\nHella everyday carry microdosing cornhole normcore hell of ramps kogi fanny pack slow-carb stumptown. Lo-fi austin synth vape. Squid trust fund occupy, taiyaki keytar shaman letterpress. Chartreuse subway tile woke, squid edison bulb direct trade retro. Tbh artisan gluten-free slow-carb, church-key echo park actually 8-bit locavore vice. Shabby chic migas gentrify pinterest poutine.', 'christmas, javascript', 0, 'published', 0);
INSERT INTO `posts` (`post_id`, `post_category_id`, `post_title`, `post_author`, `post_date`, `post_image`, `post_content`, `post_tags`, `post_comment_count`, `post_status`, `post_views`) VALUES
(208, 55, 'Camping trip', 'Leyla', '2017-12-03', 'img5.jpg', 'Edison bulb helvetica palo santo 90\'s. Semiotics four dollar toast single-origin coffee retro gastropub beard sustainable portland plaid pickled. Pug flannel cornhole hexagon yr. Subway tile coloring book raclette freegan, authentic XOXO blog offal kitsch enamel pin pork belly. Fanny pack selfies vice cold-pressed, cornhole hoodie tofu. Tumblr paleo deep v shaman, hashtag poutine pork belly next level trust fund enamel pin tofu twee VHS put a bird on it. 90\'s gochujang wolf health goth schlitz fanny pack messenger bag migas selfies whatever.\r\n\r\nKeytar adaptogen cronut marfa, authentic occupy health goth williamsburg cardigan bitters fashion axe. Cold-pressed four dollar toast VHS poutine blue bottle pork belly yuccie brooklyn literally cred synth. Quinoa truffaut seitan kale chips cornhole meditation cliche jianbing squid keffiyeh hashtag celiac activated charcoal. Synth thundercats chicharrones migas bicycle rights try-hard shoreditch.', 'camping, php', 0, 'draft', 0),
(209, 54, 'Shopping time', 'Olsen', '2017-12-03', 'img6.jpg', '<p>Keytar adaptogen cronut marfa, authentic occupy health goth williamsburg cardigan bitters fashion axe. Cold-pressed four dollar toast VHS poutine blue bottle pork belly yuccie brooklyn literally cred synth. Quinoa truffaut seitan kale chips cornhole meditation cliche jianbing squid keffiyeh hashtag celiac activated charcoal. Synth thundercats chicharrones migas bicycle rights try-hard shoreditch. Direct trade narwhal butcher kinfolk flexitarian, hammock live-edge mustache af trust fund pickled kombucha enamel pin +1 put a bird on it. VHS actually pok pok pour-over paleo mixtape banh mi bitters austin gochujang retro iPhone trust fund mustache vexillologist. Coloring book hoodie subway tile, leggings sustainable irony chillwave freegan retro unicorn knausgaard gastropub hexagon. Tofu chia chartreuse hashtag gochujang. Four loko pug iceland, poke ramps synth raw denim butcher viral. Banh mi pop-up chambray, butcher jean shorts cardigan seitan enamel pin. Roof party tofu blue bottle readymade waistcoat.</p>', 'shopping, javascript', 0, 'draft', 0),
(210, 55, 'Camping trip', 'Leyla', '2017-12-03', 'img5.jpg', '', 'camping, php', 0, 'draft', 0),
(211, 55, 'Camping trip', 'Leyla', '2017-12-03', 'img5.jpg', 'Edison bulb helvetica palo santo 90\'s. Semiotics four dollar toast single-origin coffee retro gastropub beard sustainable portland plaid pickled. Pug flannel cornhole hexagon yr. Subway tile coloring book raclette freegan, authentic XOXO blog offal kitsch enamel pin pork belly. Fanny pack selfies vice cold-pressed, cornhole hoodie tofu. Tumblr paleo deep v shaman, hashtag poutine pork belly next level trust fund enamel pin tofu twee VHS put a bird on it. 90\'s gochujang wolf health goth schlitz fanny pack messenger bag migas selfies whatever.\r\n\r\nKeytar adaptogen cronut marfa, authentic occupy health goth williamsburg cardigan bitters fashion axe. Cold-pressed four dollar toast VHS poutine blue bottle pork belly yuccie brooklyn literally cred synth. Quinoa truffaut seitan kale chips cornhole meditation cliche jianbing squid keffiyeh hashtag celiac activated charcoal. Synth thundercats chicharrones migas bicycle rights try-hard shoreditch.', 'camping, php', 0, 'draft', 0),
(212, 54, 'Shopping time', 'Olsen', '2017-12-03', 'img6.jpg', '<p>Keytar adaptogen cronut marfa, authentic occupy health goth williamsburg cardigan bitters fashion axe. Cold-pressed four dollar toast VHS poutine blue bottle pork belly yuccie brooklyn literally cred synth. Quinoa truffaut seitan kale chips cornhole meditation cliche jianbing squid keffiyeh hashtag celiac activated charcoal. Synth thundercats chicharrones migas bicycle rights try-hard shoreditch. Direct trade narwhal butcher kinfolk flexitarian, hammock live-edge mustache af trust fund pickled kombucha enamel pin +1 put a bird on it. VHS actually pok pok pour-over paleo mixtape banh mi bitters austin gochujang retro iPhone trust fund mustache vexillologist. Coloring book hoodie subway tile, leggings sustainable irony chillwave freegan retro unicorn knausgaard gastropub hexagon. Tofu chia chartreuse hashtag gochujang. Four loko pug iceland, poke ramps synth raw denim butcher viral. Banh mi pop-up chambray, butcher jean shorts cardigan seitan enamel pin. Roof party tofu blue bottle readymade waistcoat.</p>', 'shopping, javascript', 0, 'draft', 0),
(213, 55, 'Camping trip', 'Leyla', '2017-12-03', 'img5.jpg', 'Edison bulb helvetica palo santo 90\'s. Semiotics four dollar toast single-origin coffee retro gastropub beard sustainable portland plaid pickled. Pug flannel cornhole hexagon yr. Subway tile coloring book raclette freegan, authentic XOXO blog offal kitsch enamel pin pork belly. Fanny pack selfies vice cold-pressed, cornhole hoodie tofu. Tumblr paleo deep v shaman, hashtag poutine pork belly next level trust fund enamel pin tofu twee VHS put a bird on it. 90\'s gochujang wolf health goth schlitz fanny pack messenger bag migas selfies whatever.\r\n\r\nKeytar adaptogen cronut marfa, authentic occupy health goth williamsburg cardigan bitters fashion axe. Cold-pressed four dollar toast VHS poutine blue bottle pork belly yuccie brooklyn literally cred synth. Quinoa truffaut seitan kale chips cornhole meditation cliche jianbing squid keffiyeh hashtag celiac activated charcoal. Synth thundercats chicharrones migas bicycle rights try-hard shoreditch.', 'camping, php', 0, 'draft', 0),
(214, 54, 'Shopping time', 'Olsen', '2017-12-03', 'img6.jpg', '<p>Keytar adaptogen cronut marfa, authentic occupy health goth williamsburg cardigan bitters fashion axe. Cold-pressed four dollar toast VHS poutine blue bottle pork belly yuccie brooklyn literally cred synth. Quinoa truffaut seitan kale chips cornhole meditation cliche jianbing squid keffiyeh hashtag celiac activated charcoal. Synth thundercats chicharrones migas bicycle rights try-hard shoreditch. Direct trade narwhal butcher kinfolk flexitarian, hammock live-edge mustache af trust fund pickled kombucha enamel pin +1 put a bird on it. VHS actually pok pok pour-over paleo mixtape banh mi bitters austin gochujang retro iPhone trust fund mustache vexillologist. Coloring book hoodie subway tile, leggings sustainable irony chillwave freegan retro unicorn knausgaard gastropub hexagon. Tofu chia chartreuse hashtag gochujang. Four loko pug iceland, poke ramps synth raw denim butcher viral. Banh mi pop-up chambray, butcher jean shorts cardigan seitan enamel pin. Roof party tofu blue bottle readymade waistcoat.</p>', 'shopping, javascript', 0, 'draft', 0),
(215, 55, 'Camping trip', 'Leyla', '2017-12-03', 'img5.jpg', 'Edison bulb helvetica palo santo 90\'s. Semiotics four dollar toast single-origin coffee retro gastropub beard sustainable portland plaid pickled. Pug flannel cornhole hexagon yr. Subway tile coloring book raclette freegan, authentic XOXO blog offal kitsch enamel pin pork belly. Fanny pack selfies vice cold-pressed, cornhole hoodie tofu. Tumblr paleo deep v shaman, hashtag poutine pork belly next level trust fund enamel pin tofu twee VHS put a bird on it. 90\'s gochujang wolf health goth schlitz fanny pack messenger bag migas selfies whatever.\r\n\r\nKeytar adaptogen cronut marfa, authentic occupy health goth williamsburg cardigan bitters fashion axe. Cold-pressed four dollar toast VHS poutine blue bottle pork belly yuccie brooklyn literally cred synth. Quinoa truffaut seitan kale chips cornhole meditation cliche jianbing squid keffiyeh hashtag celiac activated charcoal. Synth thundercats chicharrones migas bicycle rights try-hard shoreditch.', 'camping, php', 0, 'draft', 0),
(216, 54, 'Christmas spirit', 'Jason', '2017-12-03', 'img1.jpg', 'Tote bag swag beard sriracha banjo cred cronut artisan vegan. Gochujang art party ramps helvetica bespoke DIY. Semiotics venmo four dollar toast enamel pin craft beer fingerstache poutine. Glossier typewriter hoodie twee.\r\n\r\nAdaptogen raclette cloud bread lyft gastropub pickled offal coloring book helvetica squid chillwave biodiesel. Craft beer af keytar poutine keffiyeh typewriter shaman kitsch chillwave fanny pack jean shorts authentic drinking vinegar four dollar toast. Poke activated charcoal hexagon VHS. Truffaut blue bottle mlkshk bespoke, asymmetrical subway tile intelligentsia vaporware XOXO snackwave.\r\n\r\nHella everyday carry microdosing cornhole normcore hell of ramps kogi fanny pack slow-carb stumptown. Lo-fi austin synth vape. Squid trust fund occupy, taiyaki keytar shaman letterpress. Chartreuse subway tile woke, squid edison bulb direct trade retro. Tbh artisan gluten-free slow-carb, church-key echo park actually 8-bit locavore vice. Shabby chic migas gentrify pinterest poutine.', 'christmas, javascript', 0, 'published', 0),
(217, 54, 'Christmas spirit', 'Jason', '2017-12-03', 'img1.jpg', 'Tote bag swag beard sriracha banjo cred cronut artisan vegan. Gochujang art party ramps helvetica bespoke DIY. Semiotics venmo four dollar toast enamel pin craft beer fingerstache poutine. Glossier typewriter hoodie twee.\r\n\r\nAdaptogen raclette cloud bread lyft gastropub pickled offal coloring book helvetica squid chillwave biodiesel. Craft beer af keytar poutine keffiyeh typewriter shaman kitsch chillwave fanny pack jean shorts authentic drinking vinegar four dollar toast. Poke activated charcoal hexagon VHS. Truffaut blue bottle mlkshk bespoke, asymmetrical subway tile intelligentsia vaporware XOXO snackwave.\r\n\r\nHella everyday carry microdosing cornhole normcore hell of ramps kogi fanny pack slow-carb stumptown. Lo-fi austin synth vape. Squid trust fund occupy, taiyaki keytar shaman letterpress. Chartreuse subway tile woke, squid edison bulb direct trade retro. Tbh artisan gluten-free slow-carb, church-key echo park actually 8-bit locavore vice. Shabby chic migas gentrify pinterest poutine.', 'christmas, javascript', 0, 'published', 0),
(218, 55, 'Camping trip', 'Leyla', '2017-12-03', 'img5.jpg', 'Edison bulb helvetica palo santo 90\'s. Semiotics four dollar toast single-origin coffee retro gastropub beard sustainable portland plaid pickled. Pug flannel cornhole hexagon yr. Subway tile coloring book raclette freegan, authentic XOXO blog offal kitsch enamel pin pork belly. Fanny pack selfies vice cold-pressed, cornhole hoodie tofu. Tumblr paleo deep v shaman, hashtag poutine pork belly next level trust fund enamel pin tofu twee VHS put a bird on it. 90\'s gochujang wolf health goth schlitz fanny pack messenger bag migas selfies whatever.\r\n\r\nKeytar adaptogen cronut marfa, authentic occupy health goth williamsburg cardigan bitters fashion axe. Cold-pressed four dollar toast VHS poutine blue bottle pork belly yuccie brooklyn literally cred synth. Quinoa truffaut seitan kale chips cornhole meditation cliche jianbing squid keffiyeh hashtag celiac activated charcoal. Synth thundercats chicharrones migas bicycle rights try-hard shoreditch.', 'camping, php', 0, 'draft', 0),
(219, 54, 'Shopping time', 'Olsen', '2017-12-03', 'img6.jpg', '<p>Keytar adaptogen cronut marfa, authentic occupy health goth williamsburg cardigan bitters fashion axe. Cold-pressed four dollar toast VHS poutine blue bottle pork belly yuccie brooklyn literally cred synth. Quinoa truffaut seitan kale chips cornhole meditation cliche jianbing squid keffiyeh hashtag celiac activated charcoal. Synth thundercats chicharrones migas bicycle rights try-hard shoreditch. Direct trade narwhal butcher kinfolk flexitarian, hammock live-edge mustache af trust fund pickled kombucha enamel pin +1 put a bird on it. VHS actually pok pok pour-over paleo mixtape banh mi bitters austin gochujang retro iPhone trust fund mustache vexillologist. Coloring book hoodie subway tile, leggings sustainable irony chillwave freegan retro unicorn knausgaard gastropub hexagon. Tofu chia chartreuse hashtag gochujang. Four loko pug iceland, poke ramps synth raw denim butcher viral. Banh mi pop-up chambray, butcher jean shorts cardigan seitan enamel pin. Roof party tofu blue bottle readymade waistcoat.</p>', 'shopping, javascript', 0, 'draft', 0),
(220, 55, 'Camping trip', 'Leyla', '2017-12-03', 'img5.jpg', 'Edison bulb helvetica palo santo 90\'s. Semiotics four dollar toast single-origin coffee retro gastropub beard sustainable portland plaid pickled. Pug flannel cornhole hexagon yr. Subway tile coloring book raclette freegan, authentic XOXO blog offal kitsch enamel pin pork belly. Fanny pack selfies vice cold-pressed, cornhole hoodie tofu. Tumblr paleo deep v shaman, hashtag poutine pork belly next level trust fund enamel pin tofu twee VHS put a bird on it. 90\'s gochujang wolf health goth schlitz fanny pack messenger bag migas selfies whatever.\r\n\r\nKeytar adaptogen cronut marfa, authentic occupy health goth williamsburg cardigan bitters fashion axe. Cold-pressed four dollar toast VHS poutine blue bottle pork belly yuccie brooklyn literally cred synth. Quinoa truffaut seitan kale chips cornhole meditation cliche jianbing squid keffiyeh hashtag celiac activated charcoal. Synth thundercats chicharrones migas bicycle rights try-hard shoreditch.', 'camping, php', 0, 'draft', 0),
(221, 54, 'Shopping time', 'Olsen', '2017-12-03', 'img6.jpg', '<p>Keytar adaptogen cronut marfa, authentic occupy health goth williamsburg cardigan bitters fashion axe. Cold-pressed four dollar toast VHS poutine blue bottle pork belly yuccie brooklyn literally cred synth. Quinoa truffaut seitan kale chips cornhole meditation cliche jianbing squid keffiyeh hashtag celiac activated charcoal. Synth thundercats chicharrones migas bicycle rights try-hard shoreditch. Direct trade narwhal butcher kinfolk flexitarian, hammock live-edge mustache af trust fund pickled kombucha enamel pin +1 put a bird on it. VHS actually pok pok pour-over paleo mixtape banh mi bitters austin gochujang retro iPhone trust fund mustache vexillologist. Coloring book hoodie subway tile, leggings sustainable irony chillwave freegan retro unicorn knausgaard gastropub hexagon. Tofu chia chartreuse hashtag gochujang. Four loko pug iceland, poke ramps synth raw denim butcher viral. Banh mi pop-up chambray, butcher jean shorts cardigan seitan enamel pin. Roof party tofu blue bottle readymade waistcoat.</p>', 'shopping, javascript', 0, 'draft', 0),
(222, 55, 'Camping trip', 'Leyla', '2017-12-03', 'img5.jpg', 'Edison bulb helvetica palo santo 90\'s. Semiotics four dollar toast single-origin coffee retro gastropub beard sustainable portland plaid pickled. Pug flannel cornhole hexagon yr. Subway tile coloring book raclette freegan, authentic XOXO blog offal kitsch enamel pin pork belly. Fanny pack selfies vice cold-pressed, cornhole hoodie tofu. Tumblr paleo deep v shaman, hashtag poutine pork belly next level trust fund enamel pin tofu twee VHS put a bird on it. 90\'s gochujang wolf health goth schlitz fanny pack messenger bag migas selfies whatever.\r\n\r\nKeytar adaptogen cronut marfa, authentic occupy health goth williamsburg cardigan bitters fashion axe. Cold-pressed four dollar toast VHS poutine blue bottle pork belly yuccie brooklyn literally cred synth. Quinoa truffaut seitan kale chips cornhole meditation cliche jianbing squid keffiyeh hashtag celiac activated charcoal. Synth thundercats chicharrones migas bicycle rights try-hard shoreditch.', 'camping, php', 0, 'draft', 0),
(223, 55, 'Camping trip', 'Leyla', '2017-12-03', 'img5.jpg', '', 'camping, php', 0, 'draft', 0),
(224, 54, 'Shopping time', 'Olsen', '2017-12-03', 'img6.jpg', '<p>Keytar adaptogen cronut marfa, authentic occupy health goth williamsburg cardigan bitters fashion axe. Cold-pressed four dollar toast VHS poutine blue bottle pork belly yuccie brooklyn literally cred synth. Quinoa truffaut seitan kale chips cornhole meditation cliche jianbing squid keffiyeh hashtag celiac activated charcoal. Synth thundercats chicharrones migas bicycle rights try-hard shoreditch. Direct trade narwhal butcher kinfolk flexitarian, hammock live-edge mustache af trust fund pickled kombucha enamel pin +1 put a bird on it. VHS actually pok pok pour-over paleo mixtape banh mi bitters austin gochujang retro iPhone trust fund mustache vexillologist. Coloring book hoodie subway tile, leggings sustainable irony chillwave freegan retro unicorn knausgaard gastropub hexagon. Tofu chia chartreuse hashtag gochujang. Four loko pug iceland, poke ramps synth raw denim butcher viral. Banh mi pop-up chambray, butcher jean shorts cardigan seitan enamel pin. Roof party tofu blue bottle readymade waistcoat.</p>', 'shopping, javascript', 0, 'draft', 0),
(225, 55, 'Camping trip', 'Leyla', '2017-12-03', 'img5.jpg', 'Edison bulb helvetica palo santo 90\'s. Semiotics four dollar toast single-origin coffee retro gastropub beard sustainable portland plaid pickled. Pug flannel cornhole hexagon yr. Subway tile coloring book raclette freegan, authentic XOXO blog offal kitsch enamel pin pork belly. Fanny pack selfies vice cold-pressed, cornhole hoodie tofu. Tumblr paleo deep v shaman, hashtag poutine pork belly next level trust fund enamel pin tofu twee VHS put a bird on it. 90\'s gochujang wolf health goth schlitz fanny pack messenger bag migas selfies whatever.\r\n\r\nKeytar adaptogen cronut marfa, authentic occupy health goth williamsburg cardigan bitters fashion axe. Cold-pressed four dollar toast VHS poutine blue bottle pork belly yuccie brooklyn literally cred synth. Quinoa truffaut seitan kale chips cornhole meditation cliche jianbing squid keffiyeh hashtag celiac activated charcoal. Synth thundercats chicharrones migas bicycle rights try-hard shoreditch.', 'camping, php', 0, 'draft', 0),
(226, 54, 'Christmas spirit', 'Jason', '2017-12-03', 'img1.jpg', 'Tote bag swag beard sriracha banjo cred cronut artisan vegan. Gochujang art party ramps helvetica bespoke DIY. Semiotics venmo four dollar toast enamel pin craft beer fingerstache poutine. Glossier typewriter hoodie twee.\r\n\r\nAdaptogen raclette cloud bread lyft gastropub pickled offal coloring book helvetica squid chillwave biodiesel. Craft beer af keytar poutine keffiyeh typewriter shaman kitsch chillwave fanny pack jean shorts authentic drinking vinegar four dollar toast. Poke activated charcoal hexagon VHS. Truffaut blue bottle mlkshk bespoke, asymmetrical subway tile intelligentsia vaporware XOXO snackwave.\r\n\r\nHella everyday carry microdosing cornhole normcore hell of ramps kogi fanny pack slow-carb stumptown. Lo-fi austin synth vape. Squid trust fund occupy, taiyaki keytar shaman letterpress. Chartreuse subway tile woke, squid edison bulb direct trade retro. Tbh artisan gluten-free slow-carb, church-key echo park actually 8-bit locavore vice. Shabby chic migas gentrify pinterest poutine.', 'christmas, javascript', 0, 'published', 7),
(227, 57, 'What car suits you best', 'Ryan', '2017-12-03', 'img2.jpg', 'Adaptogen raclette cloud bread lyft gastropub pickled offal coloring book helvetica squid chillwave biodiesel. Craft beer af keytar poutine keffiyeh typewriter shaman kitsch chillwave fanny pack jean shorts authentic drinking vinegar four dollar toast. Poke activated charcoal hexagon VHS. Truffaut blue bottle mlkshk bespoke, asymmetrical subway tile intelligentsia vaporware XOXO snackwave.\r\n\r\nHella everyday carry microdosing cornhole normcore hell of ramps kogi fanny pack slow-carb stumptown. Lo-fi austin synth vape. Squid trust fund occupy, taiyaki keytar shaman letterpress. Chartreuse subway tile woke, squid edison bulb direct trade retro. Tbh artisan gluten-free slow-carb, church-key echo park actually 8-bit locavore vice. Shabby chic migas gentrify pinterest poutine.\r\n\r\nSelfies tacos leggings, health goth trust fund copper mug man braid everyday carry pour-over cliche poke pabst palo santo occupy kitsch. Tofu austin keffiyeh subway tile vexillologist messenger bag meditation migas jianbing. Hot chicken austin cold-pressed trust fund meggings jean shorts shabby chic drinking vinegar hashtag. Lyft franzen brooklyn hella slow-carb hot chicken distillery coloring book fashion axe tilde gochujang. Farm-to-table try-hard forage, keytar iceland squid intelligentsia hella YOLO thundercats chia photo booth adaptogen echo park pork belly.', 'cars, php', 0, 'published', 9),
(228, 54, 'Rose\'s birthday', 'Angela', '2017-12-03', 'img5.jpg', 'Lorem ipsum dolor amet meggings meditation brunch, roof party cardigan forage snackwave street art YOLO. Activated charcoal organic thundercats, VHS dreamcatcher celiac tofu poutine. Crucifix gochujang chartreuse forage blog edison bulb lomo listicle. Synth ugh vice meh man bun migas jianbing craft beer everyday carry. Farm-to-table viral ramps, cardigan synth banh mi austin vaporware la croix 3 wolf moon lyft yr cronut artisan gentrify. Cardigan twee kinfolk la croix, chillwave kombucha hell of activated charcoal.\r\n\r\nTote bag swag beard sriracha banjo cred cronut artisan vegan. Gochujang art party ramps helvetica bespoke DIY. Semiotics venmo four dollar toast enamel pin craft beer fingerstache poutine. Glossier typewriter hoodie twee.\r\n\r\nAdaptogen raclette cloud bread lyft gastropub pickled offal coloring book helvetica squid chillwave biodiesel. Craft beer af keytar poutine keffiyeh typewriter shaman kitsch chillwave fanny pack jean shorts authentic drinking vinegar four dollar toast. Poke activated charcoal hexagon VHS. Truffaut blue bottle mlkshk bespoke, asymmetrical subway tile intelligentsia vaporware XOXO snackwave.', 'birthday, courses', 0, 'published', 5),
(229, 54, 'Mindaugas\'s second post', 'Mindaugas', '2017-12-03', 'img6.jpg', 'Put a bird on it man braid fam affogato synth kitsch master cleanse celiac glossier cornhole. Af ugh poutine subway tile, PBR&B try-hard artisan kickstarter chicharrones tumeric kitsch. Blog authentic pok pok ennui everyday carry meditation ugh deep v, microdosing franzen trust fund stumptown. Umami intelligentsia actually mixtape pop-up. Kogi blue bottle synth, mixtape distillery put a bird on it subway tile semiotics. Yr cray master cleanse, vexillologist shoreditch post-ironic keytar. Kale chips tbh echo park succulents vinyl keytar.\r\n\r\nCornhole actually yr echo park selfies, portland brooklyn yuccie edison bulb shaman stumptown organic listicle. Humblebrag farm-to-table venmo organic brooklyn. Organic jean shorts tilde seitan, cold-pressed celiac disrupt vexillologist venmo raw denim chillwave occupy franzen semiotics paleo. Listicle chillwave scenester, cronut authentic glossier XOXO lyft PBR&B prism biodiesel kombucha. Man bun brooklyn sustainable organic af lumbersexual.', 'PHP, CMS', 0, 'published', 5),
(230, 54, 'Great day', 'Armando', '2017-12-03', 'img7.jpg', '<p>Lorem ipsum dolor amet green <em><strong>juice shaman copper mug knausgaard tumblr</strong></em>, fixie before they sold out. Truffaut iPhone af asymmetrical four loko. Neutra vexillologist 90\'s, helvetica bushwick freegan pok pok cardigan whatever poke keytar. Pinterest beard PBR&amp;B knausgaard asymmetrical. Cronut hoodie microdosing listicle bitters everyday carry fam, distillery stumptown forage mixtape. Tumeric celiac trust fund, mixtape hoodie iceland everyday carry kickstarter four dollar toast iPhone street art. Snackwave gochujang direct trade gentrify tumblr 90\'s sriracha narwhal jean shorts lomo. Yr glossier meh wayfarers mlkshk VHS health goth. Succulents sustainable cornhole normcore everyday carry cold-pressed glossier mlkshk flannel taxidermy polaroid pabst.</p>', 'Life, traveling', 0, 'published', 5),
(231, 54, 'My first post', 'Mindaugas', '2017-12-04', 'img1.jpg', '<p><strong>3 wolf moon artisan forage letterpress</strong>, <em>banjo narwhal iPhone. Godard</em> pitchfork williamsburg post-ironic. Chartreuse hexagon subway tile etsy 8-bit ramps, intelligentsia man bun. Taiyaki cliche man bun DIY banjo flannel, taxidermy thundercats humblebrag typewriter normcore 90\\\'s green juice mumblecore. Ethical lyft poutine messenger bag pinterest quinoa four dollar toast shaman YOLO. Succulents raw denim flannel microdosing plaid knausgaard. Succulents locavore etsy messenger bag. Godard tofu fixie asymmetrical craft beer humblebrag hashtag prism vice coloring book you probably haven\\\'t heard of them next level lumbersexual scenester paleo. Kickstarter brooklyn synth, chambray plaid subway tile quinoa. Kogi organic ramps, brooklyn squid hexagon cliche scenester fixie tote bag prism chillwave hashtag raclette cray. Sustainable ennui taiyaki pop-up venmo mixtape freegan mumblecore ugh seitan lomo master cleanse succulents.</p>', 'javascript, php', 0, 'published', 9);

-- --------------------------------------------------------

--
-- Table structure for table `users`
--

CREATE TABLE `users` (
  `user_id` int(3) NOT NULL,
  `username` varchar(255) NOT NULL,
  `user_password` varchar(255) NOT NULL,
  `user_firstname` varchar(255) NOT NULL,
  `user_lastname` varchar(255) NOT NULL,
  `user_email` varchar(255) NOT NULL,
  `user_image` text NOT NULL,
  `user_role` varchar(255) NOT NULL,
  `randSalt` varchar(255) NOT NULL DEFAULT '$2y$10$iusesomecrazystrings22'
) ENGINE=InnoDB DEFAULT CHARSET=latin1;

--
-- Dumping data for table `users`
--

INSERT INTO `users` (`user_id`, `username`, `user_password`, `user_firstname`, `user_lastname`, `user_email`, `user_image`, `user_role`, `randSalt`) VALUES
(17, 'Jilly', '$2y$10$iusesomecrazystrings2uz/HkvnvHFd41nowL3oLCmiMEM4CLQyW', 'Jill', 'Rellington', 'jill.rellington@gmail.com', 'profile3.jpeg', 'admin', '$2y$10$iusesomecrazystrings22'),
(18, 'Jalie', '$2y$10$iusesomecrazystrings2uhiuPapGhB12qpe/8v/Zt9.vwYy0qamy', 'Jamie', 'Leslie', 'jamie.leslie@gmail.com', 'jamie_leslie.jpeg', 'subscriber', '$2y$10$iusesomecrazystrings22'),
(19, 'Eli', '$2y$10$iusesomecrazystrings2u8SguKDI0xa1KO8YtutQNSUJ4DFRbIqK', 'Elisabeth', 'Mcquire', 'el.mcquire@gmail.com', 'eli.jpg', 'subscriber', '$2y$10$iusesomecrazystrings22'),
(20, 'Rela', '$2y$10$iusesomecrazystrings2ukekLLFn18rp/hqUPDev7Rl5BA96nF/a', 'Renda', 'Larington', 'rela124@gmail.com', 'profile2.jpeg', 'admin', '$2y$10$iusesomecrazystrings22'),
(25, 'Johny', '$2y$10$/bfu4XH4BcNVVuyXwxXfhenhBSX4LMLZrhaE.Oj2rH/3hPirHS2Se', 'John', 'Elsdren', 'johny235@gmail.com', 'johny.jpg', 'subscriber', '$2y$10$iusesomecrazystrings22');

-- --------------------------------------------------------

--
-- Table structure for table `users_online`
--

CREATE TABLE `users_online` (
  `id` int(11) NOT NULL,
  `session` varchar(255) NOT NULL,
  `time` int(11) NOT NULL
) ENGINE=InnoDB DEFAULT CHARSET=latin1;

--
-- Dumping data for table `users_online`
--

INSERT INTO `users_online` (`id`, `session`, `time`) VALUES
(13, '09ca46b008b5ba8a59e2cc6e82dd6ed3', 1512455245),
(14, 'eaf7ea88cdec7012a818816fc3839c73', 1512451348),
(15, 'bbe7c84b40d40cc67069e3a41a9578fa', 1512451817),
(16, 'fb14f177c22f934cf577601cb4edb58e', 1512451803),
(17, 'cbb6752b1adb6f2437dfbca0b560e1db', 1512455230),
(18, '158aba7d87a4de1eef25b77d10c60966', 1512455243),
(19, '', 1512455157),
(20, '3760eb70b12651855cd5b11af9dbf401', 1512456370),
(21, 'a6650745c4d14c109be3b8582ee17333', 1512535547),
(22, 'd70993aa358ef5b482be7551cca41f64', 1512759171),
(23, '77f09b208769295aac164c3a2fe0e23e', 1512853243);

--
-- Indexes for dumped tables
--

--
-- Indexes for table `categories`
--
ALTER TABLE `categories`
  ADD PRIMARY KEY (`cat_id`);

--
-- Indexes for table `comments`
--
ALTER TABLE `comments`
  ADD PRIMARY KEY (`comment_id`);

--
-- Indexes for table `posts`
--
ALTER TABLE `posts`
  ADD PRIMARY KEY (`post_id`);

--
-- Indexes for table `users`
--
ALTER TABLE `users`
  ADD PRIMARY KEY (`user_id`);

--
-- Indexes for table `users_online`
--
ALTER TABLE `users_online`
  ADD PRIMARY KEY (`id`);

--
-- AUTO_INCREMENT for dumped tables
--

--
-- AUTO_INCREMENT for table `categories`
--
ALTER TABLE `categories`
  MODIFY `cat_id` int(3) NOT NULL AUTO_INCREMENT, AUTO_INCREMENT=58;
--
-- AUTO_INCREMENT for table `comments`
--
ALTER TABLE `comments`
  MODIFY `comment_id` int(3) NOT NULL AUTO_INCREMENT, AUTO_INCREMENT=16;
--
-- AUTO_INCREMENT for table `posts`
--
ALTER TABLE `posts`
  MODIFY `post_id` int(3) NOT NULL AUTO_INCREMENT, AUTO_INCREMENT=232;
--
-- AUTO_INCREMENT for table `users`
--
ALTER TABLE `users`
  MODIFY `user_id` int(3) NOT NULL AUTO_INCREMENT, AUTO_INCREMENT=26;
--
-- AUTO_INCREMENT for table `users_online`
--
ALTER TABLE `users_online`
  MODIFY `id` int(11) NOT NULL AUTO_INCREMENT, AUTO_INCREMENT=24;COMMIT;

/*!40101 SET CHARACTER_SET_CLIENT=@OLD_CHARACTER_SET_CLIENT */;
/*!40101 SET CHARACTER_SET_RESULTS=@OLD_CHARACTER_SET_RESULTS */;
/*!40101 SET COLLATION_CONNECTION=@OLD_COLLATION_CONNECTION */;
